SERVICE REQUEST TYPE,SERVICE REQUEST NUMBER,DATE SERVICE REQUEST WAS RECEIVED,LOCATION ON LOT,IS BUILDING DANGEROUS OR HAZARDOUS,IS BUILDING OPEN OR BOARDED,ENTRY POINT,IS BUILDING VACANT OR OCCUPIED,IS BUILDING VACANT DUE TO FIRE,PEOPLE USING PROPERTY,ADDRESS STREET NUMBER,ADDRESS STREET DIRECTION,ADDRESS STREET NAME,ADDRESS STREET SUFFIX,ZIP CODE,X COORDINATE,Y COORDINATE,Ward,Police District,Community Area,LATITUDE,LONGITUDE
Vacant/Abandoned Building,17-06828959,10/11/2017,Front,,Open,,Vacant,false,false,7734,S,ADA,ST,60620,1168783.11,1853478.04,17,6,71,41.753463,-87.657041
Vacant/Abandoned Building,17-06827096,10/11/2017,Front,,Open,FRONT DOOR,Vacant,false,false,6624,S,RHODES,AVE,60637,1181040.99,1861211.87,20,3,42,41.774412,-87.611883
Vacant/Abandoned Building,17-06818719,10/11/2017,,,,,,,,309,W,105TH,PL,60628,1176047.45,1834969.67,34,5,49,41.702514,-87.630974
Vacant/Abandoned Building,17-06824436,10/11/2017,Rear,,Open,SIDE DOOR,Vacant,true,true,5744,S,EMERALD,AVE,60621,1172283.02,1866776.32,20,7,68,41.789879,-87.643825
Vacant/Abandoned Building,17-06826684,10/11/2017,Front,,Open,FRONT DOOR,Vacant,false,true,347,W,95TH,ST,60628,1175546.13,1841922.44,21,5,49,41.721604,-87.632602
Vacant/Abandoned Building,17-06832236,10/11/2017,Front,,Open,FRONT/REAR DOORS WINDOWS,Vacant,false,true,60,W,72ND,ST,60621,1177011.52,1857260.85,6,7,69,41.763662,-87.626774
Vacant/Abandoned Building,17-05167309,08/04/2017,Front,,Open,1ST FLOOR WINDOW,Vacant,false,false,1231,N,HARDING,AVE,60651,1149826.09,1907916.09,37,25,23,41.903236,-87.7251
Vacant/Abandoned Building,17-05172696,08/04/2017,Rear,,Open,,Vacant,false,false,5942,S,PEORIA,ST,60621,1171323.36,1865434.15,16,7,68,41.786217,-87.647383
Vacant/Abandoned Building,17-05174699,08/04/2017,Front,,Open,REAR DOOR,Vacant,false,true,6440,S,SEELEY,AVE,60636,1163802.56,1861933.6,16,7,67,41.776772,-87.675056
Vacant/Abandoned Building,17-05176718,08/04/2017,Front,,Open,ALL AROUND INCLUDING BASEMENT,Vacant,false,true,6428,S,PAULINA,ST,60636,1166102.03,1862042.96,15,7,67,41.777023,-87.666623
Vacant/Abandoned Building,17-05177669,08/04/2017,Front,,Boarded,,Vacant,false,false,9015,S,HOUSTON,AVE,60617,1198088.69,1845774.28,10,4,46,41.731641,-87.549906
Vacant/Abandoned Building,17-05181348,08/04/2017,Front,,Open,SIDE AND FRONT DOORS,Vacant,false,false,10917,S,BUFFALO,AVE,60617,1199875.62,1833172.16,10,4,52,41.697015,-87.543783
Vacant/Abandoned Building,17-05182355,08/04/2017,Front,,Open,N/A,Vacant,true,false,9156,S,GREENWOOD,AVE,60619,1185146.67,1844489.5,8,4,47,41.728429,-87.597357
Vacant/Abandoned Building,17-05184235,08/04/2017,Front,,Open,,Vacant,false,true,3507,W,CARROLL,AVE,60624,1152941.29,1902175.63,28,11,27,41.887422,-87.71381
Vacant/Abandoned Building,17-05168254,08/04/2017,Front,,Open,,Vacant,false,false,3156,S,MAY,ST,60608,1169163.93,1883813.75,11,9,60,41.836699,-87.654768
Vacant/Abandoned Building,17-05168645,08/04/2017,Front,,Open,ALL AROUND THE BUILDING,Vacant,false,true,754,W,73RD,ST,60621,1172484.81,1856464.65,6,7,68,41.761578,-87.643388
Vacant/Abandoned Building,17-05170716,08/04/2017,Front,,Open,,Vacant,false,false,12755,S,EMERALD,AVE,60628,1173651.63,1820192.93,34,5,53,41.662017,-87.640182
Vacant/Abandoned Building,17-05166716,08/04/2017,Front,,Open,,Vacant,false,false,4430,W,ROOSEVELT,RD,60624,1147033.93,1894335.03,24,11,29,41.866022,-87.735704
Vacant/Abandoned Building,17-05176564,08/04/2017,Front,,Open,FRONT/REAR,Vacant,false,false,2146,S,MILLARD,AVE,60623,1152365.76,1889597.32,24,10,29,41.852918,-87.716255
Vacant/Abandoned Building,17-04871377,07/24/2017,,,,,,,,4738,W,MONROE,ST,60644,1144816.55,1899146.42,28,11,25,41.879267,-87.743723
Vacant/Abandoned Building,17-05194423,08/05/2017,Front,,Open,NONE,Vacant,false,false,9223,S,HALSTED,ST,60620,1172597.47,1843687.59,21,22,73,41.726513,-87.643351
Vacant/Abandoned Building,17-05188999,08/05/2017,Front,,Open,FRONT AND REAR,Vacant,false,true,830,E,89TH,ST,60619,1183343.42,1846143.58,8,6,44,41.73301,-87.603911
Vacant/Abandoned Building,17-05208912,08/05/2017,Front,,Open,DOORS AND WINDOWS,Vacant,false,true,6533,S,WHIPPLE,ST,60629,1157175.52,1861155.87,17,8,66,41.774774,-87.699372
Vacant/Abandoned Building,17-05196100,08/05/2017,Front,,Open,,Vacant,false,true,11403,S,RACINE,AVE,60643,1170370.44,1829128.75,34,22,75,41.68661,-87.651931
Vacant/Abandoned Building,17-06831465,10/11/2017,Front,,Open,,Vacant,true,false,4405,S,PRINCETON,AVE,60609,1175022.65,1875710.25,3,9,37,41.814333,-87.633513
Vacant/Abandoned Building,17-06831409,10/11/2017,Front,,Open,,Vacant,false,false,8041,S,MORGAN,ST,60620,1171042.74,1851503.12,21,6,71,41.747994,-87.648818
Vacant/Abandoned Building,17-05201268,08/05/2017,Front,,Open,,Vacant,false,true,8715,S,CONSTANCE,AVE,60617,1190034.22,1847556.32,8,4,48,41.736728,-87.579355
Vacant/Abandoned Building,17-05207419,08/05/2017,Rear,,Boarded,,Vacant,false,false,7237,S,WINCHESTER,AVE,60636,1164608.1,1856672.88,17,7,67,41.762319,-87.672251
Vacant/Abandoned Building,17-06830729,10/11/2017,Front,,Open,SOME OF THE BOARDS WERE REMOVED,Vacant,false,true,62,W,72ND,ST,60621,1177003.52,1857260.55,6,7,69,41.763661,-87.626803
Vacant/Abandoned Building,17-06823664,10/11/2017,Front,,Open,,Vacant,true,true,9654,S,EWING,AVE,60617,1202117,1841703.33,10,4,52,41.720368,-87.535287
Vacant/Abandoned Building,18-01272614,04/20/2018,Front,,Open,,Vacant,false,false,3860,W,ROOSEVELT,RD,60624,1150759.2,1894431.62,24,11,29,41.866215,-87.722026
Vacant/Abandoned Building,18-01277679,04/20/2018,,,,,,,,140,E,113TH,ST,60628,1179226.16,1830071.49,9,5,49,41.689,-87.619483
Vacant/Abandoned Building,17-05197545,08/05/2017,Rear,,Open,FRONT AND BACK DOOR WINDOWS,Vacant,false,true,6616,S,LANGLEY,AVE,60637,1182029.97,1861297.53,20,3,42,41.774624,-87.608255
Vacant/Abandoned Building,18-01273563,04/20/2018,,,,,,,,5435,S,PRINCETON,AVE,60609,1175213.49,1868790.01,3,9,37,41.795339,-87.63302
Vacant/Abandoned Building,18-01278451,04/20/2018,Front,,Boarded,,Vacant,false,false,9145,S,UNIVERSITY,AVE,60619,1185475.59,1844572.23,8,4,47,41.728648,-87.59615
Vacant/Abandoned Building,18-01275377,04/20/2018,Front,,Boarded,,Vacant,false,false,4829,S,BISHOP,ST,60609,1167481.42,1872721.95,20,9,61,41.806298,-87.66126
Vacant/Abandoned Building,18-01275186,04/20/2018,Front,,Open,REAR OF THE BUILDING,Vacant,false,true,6758,S,LAFAYETTE,AVE,60621,1176992.91,1860344.27,6,7,69,41.772123,-87.626749
Vacant/Abandoned Building,18-01274421,04/20/2018,Front,,Open,FRONT,Vacant,false,false,6612,S,LANGLEY,AVE,60637,1182029.27,1861324.23,20,3,42,41.774697,-87.608257
Vacant/Abandoned Building,17-05219763,08/06/2017,Front,,Open,ALL AROUND,Vacant,false,false,11820,S,SANGAMON,ST,60643,1172118.17,1826447.16,34,5,53,41.679213,-87.645611
Vacant/Abandoned Building,17-05231620,08/06/2017,Front,,Open,BACK DOOR,Vacant,false,true,6650,S,ROCKWELL,ST,60629,1160177.21,1860789.63,17,8,66,41.773708,-87.688378
Vacant/Abandoned Building,17-05219045,08/06/2017,Front,,Open,OPEN ALL OVER,Vacant,false,false,8527,S,DREXEL,AVE,60619,1183711.81,1848630.84,8,6,44,41.739826,-87.602484
Vacant/Abandoned Building,17-06852793,10/12/2017,Front,,Open,GARAGE AND DOORS,Vacant,false,true,1019,W,103RD,ST,60643,1171257.68,1836517.18,34,22,73,41.706866,-87.648468
Vacant/Abandoned Building,17-06853462,10/12/2017,Rear,,Open,UNKNOWN,Vacant,false,true,500,W,116TH,ST,60628,1175047.36,1827979.07,34,5,53,41.683353,-87.634843
Vacant/Abandoned Building,17-05220844,08/06/2017,Front,,Open,FRONT DOOR,Vacant,false,true,5656,S,HOYNE,AVE,60636,1163327.09,1867127.71,15,7,67,41.791035,-87.676654
Vacant/Abandoned Building,17-06855514,10/12/2017,Front,,Open,FRONT,Vacant,false,false,9235,S,DOBSON,AVE,,1184829.56,1843956.83,8,4,47,41.726974,-87.598535
Vacant/Abandoned Building,17-06852842,10/12/2017,Front,,Open,BACK,Vacant,true,false,1750,E,89TH,ST,60617,1189517.78,1846332.36,8,4,48,41.733382,-87.581286
Vacant/Abandoned Building,17-06868091,10/12/2017,Rear,,Open,ALL DOORS WINDOWS,Vacant,false,true,8626,S,LAFLIN,ST,60620,1167839.64,1847533.14,21,6,71,41.737169,-87.660669
Vacant/Abandoned Building,17-06851956,10/12/2017,Front,,Open,,Vacant,true,false,7430,S,LANGLEY,AVE,60619,1182179.98,1855900.03,6,3,69,41.759809,-87.607872
Vacant/Abandoned Building,17-05248412,08/07/2017,Front,,Open,FRONT DOOR,Vacant,false,true,5210,S,LAFLIN,ST,60609,1167219.2,1870186.07,20,9,61,41.799345,-87.662295
Vacant/Abandoned Building,17-06858777,10/12/2017,Front,,Open,,Vacant,false,false,10428,S,EWING,AVE,60617,1202166.39,1836422.1,10,4,52,41.705875,-87.535286
Vacant/Abandoned Building,17-05254227,08/07/2017,Front,,Open,FRONT AND REAR,Vacant,false,false,5046,W,FULTON,ST,60644,1142682.01,1901470.54,28,15,25,41.885685,-87.751503
Vacant/Abandoned Building,17-06864863,10/12/2017,Front,,Boarded,REAR DOOR,Vacant,false,true,738,S,KEDVALE,AVE,60624,1148835.01,1896407.54,24,11,26,41.871675,-87.729038
Vacant/Abandoned Building,17-06852723,10/12/2017,Front,,Open,FRONT AND BACK,Vacant,false,true,8011,S,PAXTON,AVE,60617,1192252.7,1852284.7,8,4,46,41.74965,-87.571074
Vacant/Abandoned Building,17-05248929,08/07/2017,Rear,,Open,,Vacant,false,false,442,W,129TH,PL,60628,1175628.11,1818816.26,9,5,53,41.658195,-87.63299
Vacant/Abandoned Building,17-05245442,08/07/2017,Front,,Open,REAR DOOR WINDOWS,Vacant,true,false,10736,S,PRAIRIE,AVE,60628,1179819.57,1833775.27,9,5,49,41.699151,-87.617198
Vacant/Abandoned Building,17-06854364,10/12/2017,Front,,Open,,Vacant,false,false,831,N,LAWNDALE,AVE,60651,1151567.32,1905294.21,27,11,23,41.896007,-87.718773
Vacant/Abandoned Building,17-05265278,08/07/2017,Front,,Open,,Vacant,false,false,1710,N,KARLOV,AVE,60639,1148786.6,1911053.17,26,25,23,41.911865,-87.728837
Vacant/Abandoned Building,17-06880949,10/13/2017,Rear,,Boarded,OPEN IN THE BACK,Vacant,false,false,7212,S,SOUTH CHICAGO,AVE,60619,1183438.19,1857503.51,5,3,69,41.76418,-87.603211
Vacant/Abandoned Building,17-06891657,10/13/2017,Front,,Open,WINDOWS,Vacant,false,false,2655,N,MONT CLARE,AVE,60707,1128302.3,1916857.01,29,25,18,41.928163,-87.80396
Vacant/Abandoned Building,18-01284152,04/21/2018,Front,,Open,FRONT,Vacant,false,false,2457,N,ARTESIAN,AVE,60647,1159617.83,1916259.68,1,14,22,41.925935,-87.688903
Vacant/Abandoned Building,17-06882657,10/13/2017,Front,,Open,BACK DOOR,Vacant,false,false,6905,S,WOODLAWN,AVE,60637,1185592.12,1859560.41,5,3,69,41.769774,-87.595252
Vacant/Abandoned Building,17-06875043,10/13/2017,Rear,,Open,REAR,Vacant,true,true,2623,W,MONROE,ST,60612,1158881.5,1899587.84,27,11,27,41.880202,-87.692066
Vacant/Abandoned Building,18-01285286,04/21/2018,Front,,Open,FRONT & REAR,Vacant,false,false,5147,S,PRAIRIE,AVE,60615,1178913.77,1870944.56,3,2,40,41.801168,-87.619385
Vacant/Abandoned Building,17-06881055,10/13/2017,Rear,,Boarded,REAR,Vacant,false,true,8446,S,ESCANABA,AVE,60617,1196953.1,1849525.09,10,4,46,41.741962,-87.553942
Vacant/Abandoned Building,17-06887970,10/13/2017,Front,,Open,,Vacant,false,false,2845,E,103RD,ST,60617,1196828.43,1837215.91,10,4,51,41.708187,-87.554806
Vacant/Abandoned Building,17-06882283,10/13/2017,Front,,Open,,Vacant,false,true,20,E,122ND,PL,60628,1178576.63,1823743.61,9,5,53,41.671651,-87.622052
Vacant/Abandoned Building,17-06883000,10/13/2017,,,,,,,,6542,S,GREEN,ST,60621,1171762.66,1861467.13,6,7,68,41.775321,-87.645888
Vacant/Abandoned Building,17-06873175,10/13/2017,Front,,Open,,Vacant,false,false,1636,W,51ST,ST,60609,1166183.05,1870892.76,20,9,61,41.801307,-87.666074
Vacant/Abandoned Building,18-01288640,04/22/2018,Front,,Open,WIDE OPEN,Vacant,true,false,257,W,61ST,PL,60621,1175502.03,1864144.64,20,7,68,41.782586,-87.6321
Vacant/Abandoned Building,18-01287954,04/22/2018,Front,,Open,,Occupied,false,true,1653,S,MILLER,ST,60608,1169790.71,1892071.43,25,12,31,41.859345,-87.652228
Vacant/Abandoned Building,17-06907876,10/14/2017,Front,,Open,FRONT,Vacant,true,true,11319,S,CARPENTER,ST,60643,1171350.23,1829654.89,34,22,75,41.688033,-87.648328
Vacant/Abandoned Building,17-06923248,10/14/2017,Front,,Open,FRONT,Vacant,false,true,943,W,MARQUETTE,RD,60621,1171076.45,1860404.04,6,7,68,41.772419,-87.648435
Vacant/Abandoned Building,17-06906560,10/14/2017,Front,,Open,BACK PORCH,Vacant,false,false,2921,E,96TH,ST,60617,1197282.97,1841859.15,10,4,51,41.720917,-87.552988
Vacant/Abandoned Building,17-05244877,08/07/2017,,,,,,,,7324,S,CONSTANCE,AVE,60649,1189640.72,1856772.29,8,3,43,41.762027,-87.580501
Vacant/Abandoned Building,17-06930687,10/15/2017,Front,,Open,FRONT,Vacant,false,false,1511,E,85TH,PL,60619,1187810.01,1848590.36,8,4,45,41.739619,-87.587471
Vacant/Abandoned Building,17-06931926,10/15/2017,Front,,Open,BRICK SINGLE FAMILY HOME,Vacant,false,true,6616,S,ABERDEEN,ST,60621,1170121.02,1860933.8,16,7,68,41.773893,-87.651922
Vacant/Abandoned Building,17-06934185,10/15/2017,Rear,,Open,NONE,Vacant,false,false,4345,S,ST LAWRENCE,AVE,60653,1180986.14,1876331.78,4,2,38,41.815904,-87.611619
Vacant/Abandoned Building,17-05250045,08/07/2017,Front,,Open,,Vacant,false,true,2101,W,67TH,PL,60636,1163515.17,1859878.35,16,7,67,41.771138,-87.676167
Vacant/Abandoned Building,18-01291660,04/22/2018,Front,,Boarded,,Vacant,true,true,5639,S,MAY,ST,60621,1169613.66,1867399.17,16,7,68,41.791646,-87.653594
Vacant/Abandoned Building,17-06950841,10/16/2017,Rear,,Open,,Vacant,false,false,6507,S,PARNELL,AVE,60621,1173686.86,1861723.08,20,7,68,41.775981,-87.638827
Vacant/Abandoned Building,17-06952591,10/16/2017,Rear,,Boarded,,Vacant,false,false,119,E,104TH,ST,60628,1179000.53,1836043.41,9,5,49,41.705393,-87.620128
Vacant/Abandoned Building,17-05248215,08/07/2017,Rear,,Boarded,NONE,Vacant,false,false,7724,S,CRANDON,AVE,60649,1192874.64,1854200.17,7,4,43,41.754891,-87.568732
Vacant/Abandoned Building,17-06956259,10/16/2017,Front,,Open,FRONT,Vacant,false,true,6245,S,CHAMPLAIN,AVE,60637,1181641.84,1863741.68,20,3,42,41.78134,-87.609603
Vacant/Abandoned Building,17-06952686,10/16/2017,Rear,,Open,BASEMENT WINDOWS AND TOP WINDOWS ARE BROKEN,Vacant,false,true,7724,S,CHAMPLAIN,AVE,60619,1181902.69,1853935.96,6,6,69,41.754426,-87.608949
Vacant/Abandoned Building,18-01290193,04/22/2018,Garage,,Boarded,,Vacant,false,false,6728,S,MAPLEWOOD,AVE,60629,1160532.93,1859964.23,17,8,66,41.771436,-87.687097
Vacant/Abandoned Building,17-06957321,10/16/2017,Front,,Open,,Vacant,false,false,6123,S,PAULINA,ST,60636,1166061.99,1863995.26,15,7,67,41.782382,-87.666715
Vacant/Abandoned Building,17-05255889,08/07/2017,Garage,,Open,ALL AROUND,Vacant,true,false,5816,S,TRUMBULL,AVE,60629,1154374.06,1865836.51,23,8,63,41.787675,-87.709517
Vacant/Abandoned Building,17-06948656,10/16/2017,Front,,Open,,Vacant,false,false,5814,S,GREEN,ST,60621,1171634.32,1866226.26,16,7,68,41.788383,-87.64622
Vacant/Abandoned Building,18-01289130,04/22/2018,Front,,Open,FRONT AND REAR,Vacant,false,true,9637,S,PEORIA,ST,60643,1172013.88,1840821.17,21,22,73,41.71866,-87.645572
Vacant/Abandoned Building,17-06949497,10/16/2017,Front,,Open,FRONT AND REAR,Vacant,false,true,7253,S,EMERALD,AVE,60621,1172599.09,1856776.49,6,7,68,41.762431,-87.64296
Vacant/Abandoned Building,17-05245352,08/07/2017,Front,,Open,ALL ENTRIES,Vacant,false,false,2636,E,79TH,ST,60649,1195274.86,1853100.91,7,4,43,41.751815,-87.559973
Vacant/Abandoned Building,17-05247905,08/07/2017,Front,,Boarded,,Vacant,true,false,1243,N,SPRINGFIELD,AVE,60651,1150153.19,1908063.08,26,25,23,41.903633,-87.723895
Vacant/Abandoned Building,17-06983463,10/17/2017,Rear,,Open,,Vacant,false,false,7809,S,CRANDON,AVE,60649,1192888.22,1853639.11,7,4,43,41.753351,-87.568701
Vacant/Abandoned Building,17-06975516,10/17/2017,Front,,Open,,Vacant,false,false,6532,S,CLAREMONT,AVE,60636,1161866.15,1861277,16,8,66,41.775011,-87.682173
Vacant/Abandoned Building,17-06990961,10/17/2017,Front,,Open,SIDE GANGWAY,Vacant,false,true,4031,W,ADAMS,ST,60624,1149552.25,1898706.74,28,11,26,41.87797,-87.726345
Vacant/Abandoned Building,17-06989457,10/17/2017,Rear,,Open,,Vacant,false,false,8243,S,ST LAWRENCE,AVE,60619,1181670.75,1850471.27,6,6,44,41.744924,-87.609906
Vacant/Abandoned Building,17-06989038,10/17/2017,Rear,,Open,ALL OVER,Vacant,false,true,7726,S,CHAMPLAIN,AVE,60619,1181903.09,1853922.56,6,6,69,41.754389,-87.608948
Vacant/Abandoned Building,17-06980167,10/17/2017,Front,,Boarded,,Vacant,false,false,1109,W,59TH,ST,60621,1169895.33,1865677.35,16,7,68,41.786915,-87.652612
Vacant/Abandoned Building,17-06993831,10/17/2017,Front,,Open,,Vacant,true,true,12025,S,EGGLESTON,AVE,60628,1175461.68,1825174.27,34,5,53,41.675647,-87.63341
Vacant/Abandoned Building,17-05241056,08/07/2017,Front,,Open,,Vacant,true,true,5136,S,ABERDEEN,ST,60609,1169854.74,1870742.98,20,9,61,41.800817,-87.652613
Vacant/Abandoned Building,17-06993128,10/17/2017,Front,,Boarded,,Vacant,false,true,4818,S,HERMITAGE,AVE,60609,1165491.74,1872749.32,15,9,61,41.806416,-87.668557
Vacant/Abandoned Building,17-07006278,10/18/2017,Front,,Open,FRONT,Vacant,false,false,8313,S,GREEN,ST,60620,1172080.24,1849727.6,21,6,71,41.743099,-87.645069
Vacant/Abandoned Building,17-05255289,08/07/2017,Front,,Open,ALLAROUND,Vacant,false,true,1042,N,AVERS,AVE,60651,1150527.79,1906678.64,37,11,23,41.899827,-87.722555
Vacant/Abandoned Building,17-05254336,08/07/2017,Front,,Open,FRONT,Vacant,false,false,9103,S,WENTWORTH,AVE,60620,1176546.68,1844593.92,21,6,49,41.728913,-87.628857
Vacant/Abandoned Building,17-07016538,10/18/2017,Front,,Open,REAR DOOR,Vacant,false,true,9121,S,DREXEL,AVE,60619,1184151.69,1844607.24,8,4,47,41.728775,-87.600998
Vacant/Abandoned Building,17-05245416,08/07/2017,Front,,Open,FRONT ENTRY ACCESSIBLE AS WELL AS WINDOW,Vacant,false,false,9110,S,INDIANA,AVE,60619,1179190.44,1844623.88,9,6,49,41.728935,-87.619172
Vacant/Abandoned Building,17-07006154,10/18/2017,Front,,Boarded,,Vacant,false,false,1163,E,43RD,ST,60653,1184860.36,1876735.76,4,2,39,41.816922,-87.597395
Vacant/Abandoned Building,17-07016858,10/18/2017,Front,,Open,FRONT,Vacant,true,false,731,N,LOREL,AVE,60644,1140542.15,1904331.63,37,15,25,41.893575,-87.759291
Vacant/Abandoned Building,17-07006082,10/18/2017,Front,,Open,,Vacant,false,false,10517,S,STATE,ST,60628,1178112.01,1835216.11,9,5,49,41.703143,-87.623406
Vacant/Abandoned Building,17-07014112,10/18/2017,Front,,Open,REAR,Vacant,false,true,1519,E,74TH,PL,60619,1187691.24,1855894.07,8,3,43,41.759664,-87.587674
Vacant/Abandoned Building,17-07013449,10/18/2017,Rear,,Open,REAR,Vacant,false,true,5935,S,THROOP,ST,60636,1168673.81,1865409.93,16,7,67,41.786208,-87.657098
Vacant/Abandoned Building,17-07013640,10/18/2017,Front,,Open,FRONT,Vacant,false,false,8053,S,CHAMPLAIN,AVE,60619,1181963.41,1851746.12,6,6,44,41.748416,-87.608794
Vacant/Abandoned Building,17-05243544,08/07/2017,Front,,Open,FRONT DOOR WINDOWS,Vacant,false,true,8626,S,MANISTEE,AVE,60617,1195985.16,1848307.65,7,4,46,41.738645,-87.557528
Vacant/Abandoned Building,17-07010995,10/18/2017,Rear,,Open,REAR NO FENCE,Vacant,false,true,8714,S,WOOD,ST,60620,1165866.18,1846897.71,21,22,71,41.735468,-87.667917
Vacant/Abandoned Building,17-07015276,10/18/2017,Rear,,Boarded,,Vacant,false,false,1248,W,115TH,ST,60643,1169978.55,1828513.72,34,22,75,41.684931,-87.653383
Vacant/Abandoned Building,17-05249098,08/07/2017,Rear,,Boarded,,Vacant,false,false,5410,S,PAULINA,ST,60609,1165930.6,1868826.06,16,9,61,41.795641,-87.667059
Vacant/Abandoned Building,17-07006075,10/18/2017,Front,,Open,,Occupied,false,false,6411,S,JUSTINE,ST,60636,1167107.19,1862213.56,16,7,67,41.77747,-87.662934
Vacant/Abandoned Building,18-01302560,04/23/2018,Front,,Open,WINDOWS,Vacant,false,true,8212,S,CLYDE,AVE,60617,1191616.69,1850935.06,8,4,46,41.745962,-87.573448
Vacant/Abandoned Building,18-01302513,04/23/2018,Front,,Open,FRONT AND BACK,Vacant,true,true,825,E,88TH,ST,60619,1183375.58,1846810.42,8,6,44,41.734839,-87.603773
Vacant/Abandoned Building,18-01298708,04/23/2018,Front,,Boarded,NONE,Vacant,false,false,2605,E,76TH,ST,60649,1194894.34,1855073.11,7,4,43,41.757237,-87.561302
Vacant/Abandoned Building,18-01300430,04/23/2018,Rear,,Open,BACK,Vacant,false,false,1500,W,73RD,ST,60636,1167379.19,1856321.56,17,7,67,41.761296,-87.662105
Vacant/Abandoned Building,17-07039768,10/19/2017,Garage,,Open,,Vacant,false,true,11748,S,JUSTINE,ST,60643,1168114.52,1826817.54,34,5,53,41.680317,-87.660255
Vacant/Abandoned Building,18-01294982,04/23/2018,Rear,,Open,,Vacant,false,false,7835,S,CLYDE,AVE,60649,1191561.94,1853431.32,8,4,43,41.752813,-87.573568
Vacant/Abandoned Building,17-07030827,10/19/2017,,,,,,,,8806,S,WABASH,AVE,60619,1178250.49,1846623.28,9,6,44,41.734443,-87.622555
Vacant/Abandoned Building,17-07031530,10/19/2017,Front,,Open,SIDE DOOR,Vacant,false,false,7220,S,PERRY,AVE,60621,1176646.91,1857115.5,6,7,69,41.763271,-87.628114
Vacant/Abandoned Building,17-05247366,08/07/2017,Rear,,Open,UNKNOWN,Vacant,false,false,4938,S,SHIELDS,AVE,60609,1174796.2,1872213.67,3,9,37,41.804744,-87.634448
Vacant/Abandoned Building,17-05243899,08/07/2017,Front,,Open,,Vacant,false,false,6100,S,BISHOP,ST,60636,1167710.95,1864291.89,16,7,67,41.78316,-87.660661
Vacant/Abandoned Building,17-07040118,10/19/2017,Rear,,Open,REAR,Vacant,false,false,7246,S,HERMITAGE,AVE,60636,1165935.51,1856641.83,17,7,67,41.762206,-87.667387
Vacant/Abandoned Building,17-07039625,10/19/2017,Rear,,Open,,Vacant,false,false,8742,S,MARSHFIELD,AVE,60620,1166866.52,1846735.91,21,22,71,41.735002,-87.664257
Vacant/Abandoned Building,17-05248672,08/07/2017,Front,,Open,,Vacant,false,false,5147,S,DAMEN,AVE,60609,1163896.4,1870353.24,16,9,61,41.799875,-87.674476
Vacant/Abandoned Building,17-07042691,10/19/2017,Front,,Open,,Vacant,false,true,3945,S,INDIANA,AVE,60653,1178248.96,1878886.19,3,2,38,41.822976,-87.621582
Vacant/Abandoned Building,17-07042778,10/19/2017,Front,,Open,FRONT,Vacant,false,false,6600,S,CHAMPLAIN,AVE,60637,1181701.75,1861394.08,20,3,42,41.774897,-87.609456
Vacant/Abandoned Building,18-01295302,04/23/2018,Front,,Open,FRONT,Vacant,false,false,1420,S,SPAULDING,AVE,60623,1154594.43,1892981.62,24,10,29,41.86216,-87.707985
Vacant/Abandoned Building,17-05248929,08/07/2017,Rear,,Open,,Vacant,false,false,442,W,129TH,PL,60628,1175628.11,1818816.26,9,5,53,41.658195,-87.63299
Vacant/Abandoned Building,17-05288655,08/08/2017,Rear,,Open,,Vacant,false,false,4519,S,LAFLIN,ST,60609,1167094.02,1874723.73,15,9,61,41.8118,-87.662624
Vacant/Abandoned Building,17-07058415,10/20/2017,Front,,Open,,Vacant,false,false,2246,S,WENTWORTH,AVE,60616,1175328.55,1889280.7,25,9,34,41.851565,-87.631984
Vacant/Abandoned Building,17-07070182,10/20/2017,Front,,Open,BACK DOOR AND WINDOWS,Vacant,false,false,8521,S,DANTE,AVE,60619,1187353.78,1848770.44,8,4,45,41.740124,-87.589137
Vacant/Abandoned Building,17-05290507,08/08/2017,Front,,Open,FRON,Vacant,false,false,5918,S,WINCHESTER,AVE,60636,1164369.57,1865414.04,16,7,67,41.786311,-87.67288
Vacant/Abandoned Building,17-07087589,10/21/2017,Rear,,Open,REAR DOOR,Vacant,false,true,216,W,110TH,PL,60628,1176801.4,1831667.01,34,5,49,41.693434,-87.628312
Vacant/Abandoned Building,17-07100267,10/22/2017,Front,,Open,110TH STREET SIDE ONLY,Vacant,false,true,10956,S,MICHIGAN,AVE,60628,1178848.29,1832334.93,9,5,49,41.69522,-87.620798
Vacant/Abandoned Building,17-07112804,10/22/2017,Front,,Open,BACK WINDOW OPEN,Vacant,false,false,10015,S,VERNON,AVE,60628,1181009.96,1838651.16,9,5,49,41.712504,-87.61269
Vacant/Abandoned Building,17-07127271,10/23/2017,Front,,Open,,Vacant,true,false,7741,S,LOWE,AVE,60620,1173308.75,1853552.96,6,6,71,41.753569,-87.640454
Vacant/Abandoned Building,17-07129020,10/23/2017,Rear,,Open,REAR DOOR,Vacant,false,false,12862,S,EMERALD,AVE,60628,1173675.63,1819475.44,34,5,53,41.660048,-87.640115
Vacant/Abandoned Building,17-07138800,10/23/2017,Front,,Open,FRONT,Vacant,false,true,9402,S,WALLACE,ST,60620,1173956.15,1842532.31,21,22,73,41.723313,-87.638408
Vacant/Abandoned Building,17-07151750,10/24/2017,Front,,Open,BASEMENT,Vacant,false,true,8850,S,THROOP,ST,60620,1169215.66,1845888.51,21,22,71,41.732627,-87.655675
Vacant/Abandoned Building,17-07163920,10/24/2017,Front,,Boarded,,Vacant,false,false,7300,S,KENWOOD,AVE,60619,1186468.94,1856867.58,8,3,43,41.762364,-87.592123
Vacant/Abandoned Building,17-07177397,10/25/2017,,,,,,,,5661,N,GLENWOOD,AVE,60660,1165956.23,1937809.91,48,20,77,41.984937,-87.664995
Vacant/Abandoned Building,17-07217452,10/26/2017,Front,,Open,FRONT AND REAR,Vacant,false,true,9500,S,WALLACE,ST,60628,1173974.3,1841880.66,21,22,73,41.721524,-87.638361
Vacant/Abandoned Building,17-07231306,10/27/2017,,,,,,,,7109,S,BENNETT,AVE,60649,1189937.68,1858181.57,5,3,43,41.765887,-87.579367
Vacant/Abandoned Building,17-07298074,10/30/2017,Front,,Boarded,,Vacant,false,false,9128,S,WOODLAWN,AVE,60619,1185805.74,1844701.74,8,4,47,41.728996,-87.594936
Vacant/Abandoned Building,17-07322269,10/31/2017,Front,,Boarded,REAR DOOR,Occupied,false,true,10828,S,INDIANA,AVE,60628,1179500.67,1833208.41,9,5,49,41.697602,-87.618383
Vacant/Abandoned Building,17-07384386,11/02/2017,Front,,Open,GARAGE,Vacant,false,true,7945,S,OGLESBY,AVE,60617,1193240.95,1852744.99,7,4,46,41.750889,-87.567437
Vacant/Abandoned Building,17-07443976,11/04/2017,Front,,Open,FRONT DOOR,Vacant,false,true,10111,S,EBERHART,AVE,60628,1181360.86,1838031.61,9,5,49,41.710795,-87.611424
Vacant/Abandoned Building,17-07474207,11/05/2017,Front,,Open,FRONT AND REAR DOORS WITH BROKEN WINDOWS,Vacant,true,false,695,N,MILWAUKEE,AVE,60642,1169630.4,1904817.42,27,12,24,41.894325,-87.652445
Vacant/Abandoned Building,17-07491499,11/06/2017,Front,,Open,FRONT DOOR,Occupied,false,true,335,W,106TH,ST,60628,1175911.84,1834634.17,34,5,49,41.701596,-87.63148
Vacant/Abandoned Building,17-07526278,11/07/2017,,,,,,,,10750,S,LANGLEY,AVE,60628,1182824.23,1833768.28,9,5,50,41.699062,-87.606196
Vacant/Abandoned Building,17-07565237,11/08/2017,Rear,,Open,WINDOW,Vacant,false,false,345,W,97TH,ST,60628,1175522.71,1840595.64,21,5,49,41.717964,-87.632728
Vacant/Abandoned Building,17-07593749,11/09/2017,Front,,Open,,Vacant,false,true,2141,W,GARFIELD,BLVD,60636,1162874.86,1868024.58,15,7,67,41.793506,-87.678287
Vacant/Abandoned Building,17-07611769,11/10/2017,Rear,,Boarded,,Vacant,false,false,7506,S,NORMAL,AVE,60620,1174384.8,1855159.17,6,6,69,41.757953,-87.636463
Vacant/Abandoned Building,17-07630338,11/11/2017,Rear,,Open,ALL OVER,Vacant,false,false,10638,S,EMERALD,AVE,60628,1173197.31,1834313.02,34,22,49,41.700775,-87.64143
Vacant/Abandoned Building,17-07673122,11/13/2017,Front,,Open,FRONT,Vacant,false,false,5247,W,DIVERSEY,AVE,60639,1140914.23,1918112.57,31,25,19,41.931385,-87.757584
Vacant/Abandoned Building,17-07670107,11/13/2017,Rear,,Open,,Vacant,false,true,7618,S,HOYNE,AVE,60620,1163685.34,1854121.56,18,6,71,41.755337,-87.675705
Vacant/Abandoned Building,17-07672604,11/13/2017,Front,,Open,FRONT,Vacant,false,false,5026,W,DIVERSEY,AVE,60639,1142392.71,1918149.16,31,25,19,41.931458,-87.75215
Vacant/Abandoned Building,17-05455856,08/15/2017,Front,,Open,,Vacant,false,false,5623,W,BERENICE,AVE,60634,1138176.17,1925032.75,38,16,15,41.950425,-87.767478
Vacant/Abandoned Building,17-05463300,08/15/2017,Front,,Open,2ND FLOOR FRONT APT ENTRANCE,Vacant,false,true,6943,S,CLAREMONT,AVE,60636,1161934.97,1858484.12,17,8,66,41.767345,-87.681999
Vacant/Abandoned Building,17-05469401,08/15/2017,Front,,Open,,Vacant,false,true,11707,S,LAFAYETTE,AVE,60628,1178014.72,1827301.44,34,5,53,41.681427,-87.624001
Vacant/Abandoned Building,17-05474865,08/15/2017,Garage,,Boarded,,Vacant,false,false,2838,N,CHRISTIANA,AVE,60618,1153562.9,1918678.19,35,14,21,41.932695,-87.711087
Vacant/Abandoned Building,17-05486326,08/16/2017,Front,,Boarded,,Vacant,false,false,650,N,LARAMIE,AVE,60644,1141588.78,1903513.63,37,15,25,41.891311,-87.755467
Vacant/Abandoned Building,17-05495059,08/16/2017,Rear,,Open,SIDE,Vacant,false,true,5308,S,DAMEN,AVE,60609,1163924.23,1869426.99,16,9,61,41.797332,-87.6744
Vacant/Abandoned Building,17-05500711,08/16/2017,Rear,,Open,,Vacant,true,false,9148,S,FOREST,AVE,60619,1179863.29,1844246.06,9,6,49,41.727883,-87.616719
Vacant/Abandoned Building,17-05529241,08/18/2017,Rear,,Open,NONE,Vacant,false,false,13154,S,VERNON,AVE,60827,1181604.73,1818167.19,9,5,54,41.656279,-87.61114
Vacant/Abandoned Building,17-05531167,08/18/2017,Garage,,Open,GARAGE OPEN AND BACK DOOR,Vacant,true,true,6023,S,FAIRFIELD,AVE,60629,1159075.47,1864596.8,16,8,66,41.784178,-87.692313
Vacant/Abandoned Building,17-05533550,08/18/2017,Front,,Open,BACK DOOR IN YARD,Vacant,false,true,3615,W,64TH,ST,60629,1153328.51,1861928.78,23,8,65,41.776972,-87.713454
Vacant/Abandoned Building,17-05535261,08/18/2017,,,,,,,,9903,S,EWING,AVE,60617,1202135.26,1840024.78,10,4,52,41.715762,-87.535277
Vacant/Abandoned Building,17-05538441,08/18/2017,Front,,Open,FRONT DOOR,Vacant,true,true,7251,S,GREEN,ST,60621,1171891.53,1856769.18,6,7,68,41.762426,-87.645554
Vacant/Abandoned Building,17-05542823,08/18/2017,Front,,Boarded,,Vacant,true,true,6206,S,ELIZABETH,ST,60636,1169039.25,1863623.05,16,7,67,41.781296,-87.65581
Vacant/Abandoned Building,17-05545053,08/18/2017,Front,,Open,REAR,Vacant,false,false,7030,S,WESTERN,AVE,60636,1161589.67,1857979.22,17,8,66,41.765967,-87.683278
Vacant/Abandoned Building,17-05551420,08/19/2017,Front,,Open,,Vacant,false,false,4443,W,GLADYS,AVE,60624,1146823.99,1897985.48,28,11,26,41.876043,-87.736381
Vacant/Abandoned Building,17-05556762,08/19/2017,Front,,Open,,Vacant,false,false,1740,W,66TH,ST,60636,1165765.35,1860925.52,15,7,67,41.773964,-87.667889
Vacant/Abandoned Building,17-05823409,08/31/2017,Rear,,Boarded,,Vacant,false,false,10105,S,LAFAYETTE,AVE,60628,1177706.36,1837966.25,9,5,49,41.710699,-87.624809
Vacant/Abandoned Building,17-06516959,09/29/2017,,,,,,,,6109,S,NORMAL,BLVD,60621,1174008.86,1864374.33,20,7,68,41.783249,-87.637568
Vacant/Abandoned Building,17-07216718,10/26/2017,Front,,Open,FRONT AND REAR,Vacant,false,true,7511,S,LOWE,AVE,60620,1173366.6,1855197.6,6,6,71,41.75788,-87.64027
Vacant/Abandoned Building,17-05580123,08/21/2017,Front,,Boarded,,Vacant,false,false,4732,W,ADAMS,ST,60644,1143899.44,1898589.36,28,11,25,41.87799,-87.746896
Vacant/Abandoned Building,17-05604512,08/22/2017,Front,,Open,FRONT,Vacant,false,true,6045,S,SEELEY,AVE,60636,1163852.19,1864524.16,16,7,67,41.783751,-87.674921
